"";"";"Huwen|Huwelijkssluitingen|Totaal huwelijkssluitingen";"Huwen|Huwende personen|Huwende mannen";"Huwen|Huwende personen|Huwende mannen, relatief";"Huwen|Huwende personen|Huwende vrouwen";"Huwen|Huwende personen|Huwende vrouwen, relatief";"Van echt scheidende personen|Van echt scheidende mannen";"Van echt scheidende personen|Van echt scheidende mannen, relatief";"Van echt scheidende personen|Van echt scheidende vrouwen";"Van echt scheidende personen|Van echt scheidende vrouwen, relatief";"Verweduwende personen|Verweduwende mannen";"Verweduwende personen|Verweduwende mannen, relatief";"Verweduwende personen|Verweduwende vrouwen";"Verweduwende personen|Verweduwende vrouwen, relatief"
"Regio's";"Perioden";"aantal";"aantal";"per 1 000 niet-gehuwde mannen";"aantal";"per 1 000 niet-gehuwde vrouwen";"aantal";"per 1 000 gehuwde mannen";"aantal";"per 1 000 gehuwde vrouwen";"aantal";"per 1 000 gehuwde mannen";"aantal";"per 1 000 gehuwde vrouwen"
"Groningen (PV)";"1988";"2820";"3059";"28,9";"3103";"25,8";"917";"7,7";"928";"7,8";"711";"4,9";"1744";"12,0"
"Groningen (PV)";"1989";"3044";"3163";"29,7";"3198";"26,4";"898";"7,6";"921";"7,9";"718";"5,0";"1651";"11,4"
"Groningen (PV)";"1990";"3210";"3382";"31,8";"3403";"28,1";"876";"7,5";"886";"7,6";"669";"4,7";"1709";"11,9"
"Groningen (PV)";"1991";"3101";"3230";"30,3";"3301";"27,2";"846";"7,3";"859";"7,4";"709";"5,0";"1710";"11,9"
"Groningen (PV)";"1992";"3068";"3335";"31,3";"3321";"27,3";"861";"7,4";"898";"7,8";"688";"4,8";"1665";"11,6"
"Groningen (PV)";"1993";"2926";"3089";"28,8";"3111";"25,4";"896";"7,8";"906";"7,9";"713";"5,1";"1756";"12,3"
"Groningen (PV)";"1994";"2758";"2899";"26,8";"2895";"23,5";"983";"8,5";"1050";"9,1";"702";"5,0";"1645";"11,7"
"Groningen (PV)";"1995";"2482";"2656";"24,3";"2654";"21,4";"994";"8,6";"1058";"9,2";"609";"4,4";"1618";"11,6"
"Groningen (PV)";"1996";"2510";"2676";"24,2";"2638";"21,3";"1026";"9,0";"1071";"9,4";"721";"5,3";"1634";"11,9"
"Groningen (PV)";"1997";"2538";"2730";"24,6";"2694";"21,8";"970";"8,5";"1002";"8,9";"720";"5,3";"1609";"11,8"
"Groningen (PV)";"1998";"2516";"2659";"23,9";"2652";"21,5";"975";"8,6";"998";"8,9";"723";"5,4";"1670";"12,4"
"Groningen (PV)";"1999";"2668";"2818";"25,1";"2771";"22,4";"1020";"9,0";"1022";"9,1";"718";"5,4";"1528";"11,4"
"Groningen (PV)";"2000";"2564";"2723";"24,1";"2664";"21,4";"1054";"9,3";"1037";"9,2";"683";"5,1";"1551";"11,6"
"Groningen (PV)";"2001";"2423";"2548";"22,2";"2495";"19,8";"1118";"9,9";"1167";"10,4";"710";"5,3";"1572";"11,8"
"Groningen (PV)";"2002";"2496";"2657";"22,6";"2589";"20,3";"976";"8,7";"1000";"8,9";"714";"5,4";"1516";"11,5"
"Groningen (PV)";"2003";"2379";"2494";"20,8";"2474";"19,1";"983";"8,8";"1000";"9,0";"663";"5,1";"1526";"11,7"
"Groningen (PV)";"2004";"2287";"2355";"19,4";"2351";"17,9";"899";"8,1";"943";"8,6";"668";"5,2";"1468";"11,3"
"Groningen (PV)";"2005";"2215";"2364";"19,1";"2297";"17,3";"945";"8,6";"964";"8,8";"690";"5,4";"1386";"10,8"
"Groningen (PV)";"2006";"2176";"2279";"18,2";"2264";"17,0";"965";"8,9";"984";"9,1";"644";"5,1";"1412";"11,2"
"Groningen (PV)";"2007";"2164";"2246";"17,8";"2242";"16,7";"1014";"9,4";"1020";"9,6";"655";"5,3";"1405";"11,3"
"Groningen (PV)";"2008";"2382";"2504";"19,7";"2472";"18,3";"1056";"10,2";"1032";"10,0";"652";"5,5";"1363";"11,3"
"Groningen (PV)";"2009";"2277";"2391";"18,6";"2371";"17,4";"939";"8,9";"981";"9,3";"661";"5,5";"1401";"11,5"
"Groningen (PV)";"2010";"2209";"2372";"18,2";"2339";"16,9";"1087";"10,3";"1103";"10,5";"700";"5,8";"1371";"11,3"
"Groningen (PV)";"2011";"1980";"2195";"16,6";"2165";"15,5";"1007";"9,6";"1050";"10,1";"657";"5,5";"1366";"11,3"
"Groningen (PV)";"2012";"2086";"2229";"16,7";"2202";"15,6";"1047";"10,0";"1092";"10,5";"709";"6,0";"1496";"12,6"
"Groningen (PV)";"2013";"1755";"1880";"13,8";"1859";"13,0";"1041";"10,1";"1074";"10,5";"699";"6,0";"1331";"11,3"
"Groningen (PV)";"2014";"1740";"1942";"14,1";"1877";"13,0";"1093";"10,7";"1114";"11,0";"684";"5,9";"1349";"11,6"
"Groningen (PV)";"2015";"1708";"1876";"13,4";"1846";"12,7";"1016";"10,1";"1037";"10,3";"724";"6,4";"1383";"12,0"
"Groningen (PV)";"2016";"1700";"1835";"13,0";"1815";"12,4";"941";"9,4";"976";"9,8";"752";"6,7";"1324";"11,6"
"Groningen (PV)";"2017";"1672";"1856";"13,0";"1824";"12,3";"1054";"10,7";"1085";"11,0";"735";"6,6";"1426";"12,6"
"Groningen (PV)";"2018";"1598";"1781";"12,3";"1751";"11,8";"910";"9,3";"939";"9,6";"778";"7,0";"1356";"12,1"
"Groningen (PV)";"2019";"1620";"1812";"12,4";"1757";"11,7";"908";"9,3";"936";"9,6";"715";"6,5";"1367";"12,3"
"Groningen (PV)";"2020";"1310";"1402";"9,5";"1397";"9,1";"897";"9,2";"940";"9,7";"706";"6,4";"1399";"12,6"
"Fryslân (PV)";"1988";"3489";"3206";"37,3";"3253";"35,4";"813";"5,9";"822";"5,9";"732";"4,7";"1805";"11,6"
"Fryslân (PV)";"1989";"3560";"3299";"37,7";"3314";"35,5";"865";"6,3";"877";"6,4";"748";"4,8";"1787";"11,5"
"Fryslân (PV)";"1990";"3722";"3396";"38,5";"3406";"36,4";"858";"6,2";"889";"6,5";"714";"4,6";"1753";"11,3"
"Fryslân (PV)";"1991";"3693";"3340";"37,5";"3352";"35,7";"855";"6,2";"863";"6,3";"717";"4,6";"1738";"11,2"
"Fryslân (PV)";"1992";"3676";"3282";"36,3";"3323";"35,2";"892";"6,5";"915";"6,7";"685";"4,4";"1746";"11,3"
"Fryslân (PV)";"1993";"3561";"3181";"34,5";"3176";"33,3";"1008";"7,3";"1030";"7,5";"710";"4,6";"1845";"11,9"
"Fryslân (PV)";"1994";"3281";"2929";"31,1";"2929";"30,2";"962";"7,0";"1004";"7,3";"718";"4,7";"1780";"11,5"
"Fryslân (PV)";"1995";"3184";"2882";"30,0";"2844";"28,8";"938";"6,8";"983";"7,2";"789";"5,2";"1708";"11,1"
"Fryslân (PV)";"1996";"3292";"2971";"30,3";"2958";"29,5";"971";"7,0";"1000";"7,3";"735";"4,8";"1788";"11,7"
"Fryslân (PV)";"1997";"3218";"2866";"28,8";"2854";"28,1";"981";"7,1";"1013";"7,4";"727";"4,8";"1702";"11,2"
"Fryslân (PV)";"1998";"3292";"2937";"29,1";"2934";"28,6";"956";"6,9";"995";"7,2";"722";"4,8";"1707";"11,2"
"Fryslân (PV)";"1999";"3323";"2992";"29,2";"2942";"28,4";"982";"7,1";"1026";"7,5";"760";"5,1";"1721";"11,3"
"Fryslân (PV)";"2000";"3219";"2924";"28,1";"2889";"27,4";"1069";"7,7";"1121";"8,1";"719";"4,8";"1735";"11,4"
"Fryslân (PV)";"2001";"2931";"2673";"25,0";"2637";"24,3";"1218";"8,8";"1227";"8,9";"754";"5,0";"1737";"11,4"
"Fryslân (PV)";"2002";"3125";"2836";"25,8";"2797";"25,2";"1013";"7,3";"1057";"7,7";"770";"5,1";"1676";"11,0"
"Fryslân (PV)";"2003";"3006";"2683";"24,0";"2644";"23,4";"935";"6,8";"943";"6,9";"708";"4,7";"1655";"10,9"
"Fryslân (PV)";"2004";"2795";"2518";"22,2";"2487";"21,8";"836";"6,1";"840";"6,2";"753";"5,0";"1617";"10,7"
"Fryslân (PV)";"2005";"2702";"2402";"20,8";"2400";"20,7";"900";"6,6";"909";"6,7";"762";"5,1";"1629";"10,8"
"Fryslân (PV)";"2006";"2795";"2545";"21,8";"2484";"21,2";"938";"7,0";"951";"7,1";"716";"4,8";"1631";"10,9"
"Fryslân (PV)";"2007";"2609";"2380";"20,1";"2366";"19,9";"953";"7,1";"981";"7,4";"745";"5,1";"1545";"10,3"
"Fryslân (PV)";"2008";"2847";"2545";"21,1";"2534";"21,1";"1008";"7,6";"1005";"7,6";"776";"5,3";"1575";"10,6"
"Fryslân (PV)";"2009";"2790";"2480";"20,3";"2468";"20,4";"937";"7,1";"959";"7,3";"709";"4,8";"1646";"11,1"
"Fryslân (PV)";"2010";"2555";"2316";"18,8";"2260";"18,6";"1105";"8,3";"1108";"8,4";"782";"5,4";"1605";"10,8"
"Fryslân (PV)";"2011";"2405";"2143";"17,2";"2115";"17,2";"1119";"8,5";"1134";"8,7";"759";"5,2";"1589";"10,8"
"Fryslân (PV)";"2012";"2365";"2103";"16,7";"2069";"16,8";"1093";"8,4";"1113";"8,6";"777";"5,4";"1636";"11,2"
"Fryslân (PV)";"2013";"2107";"1896";"14,8";"1849";"14,9";"1232";"9,5";"1261";"9,8";"769";"5,4";"1662";"11,4"
"Fryslân (PV)";"2014";"2131";"1934";"14,9";"1894";"15,1";"1195";"9,3";"1203";"9,5";"795";"5,6";"1619";"11,2"
"Fryslân (PV)";"2015";"2106";"1912";"14,6";"1894";"14,9";"1214";"9,6";"1242";"9,9";"783";"5,6";"1695";"11,8"
"Fryslân (PV)";"2016";"2126";"1859";"14,0";"1847";"14,4";"1204";"9,6";"1239";"10,0";"832";"5,9";"1691";"11,8"
"Fryslân (PV)";"2017";"2031";"1783";"13,2";"1770";"13,7";"1134";"9,1";"1144";"9,3";"838";"6,0";"1579";"11,0"
"Fryslân (PV)";"2018";"2074";"1872";"13,7";"1823";"14,0";"1036";"8,4";"1084";"8,9";"888";"6,4";"1649";"11,5"
"Fryslân (PV)";"2019";"1855";"1677";"12,2";"1659";"12,6";"1023";"8,4";"1059";"8,7";"884";"6,3";"1679";"11,8"
"Fryslân (PV)";"2020";"1484";"1376";"9,8";"1361";"10,2";"887";"7,3";"944";"7,8";"850";"6,1";"1803";"12,6"
"Drenthe (PV)";"1988";"2591";"2367";"40,4";"2338";"37,8";"558";"5,2";"559";"5,2";"540";"4,6";"1375";"11,8"
"Drenthe (PV)";"1989";"2563";"2338";"39,3";"2352";"37,5";"624";"5,8";"641";"6,0";"568";"4,8";"1336";"11,4"
"Drenthe (PV)";"1990";"2757";"2461";"41,0";"2466";"39,1";"610";"5,6";"637";"5,9";"535";"4,5";"1339";"11,3"
"Drenthe (PV)";"1991";"2768";"2492";"41,1";"2489";"39,3";"601";"5,5";"595";"5,5";"547";"4,6";"1398";"11,7"
"Drenthe (PV)";"1992";"2684";"2407";"39,1";"2404";"37,8";"707";"6,5";"686";"6,3";"545";"4,5";"1408";"11,7"
"Drenthe (PV)";"1993";"2547";"2283";"36,4";"2262";"35,1";"717";"6,6";"742";"6,9";"563";"4,7";"1419";"11,7"
"Drenthe (PV)";"1994";"2422";"2184";"34,4";"2182";"33,4";"787";"7,2";"823";"7,6";"567";"4,7";"1380";"11,4"
"Drenthe (PV)";"1995";"2360";"2177";"33,6";"2144";"32,3";"743";"6,8";"740";"6,8";"576";"4,8";"1478";"12,1"
"Drenthe (PV)";"1996";"2330";"2153";"32,7";"2153";"31,8";"721";"6,5";"729";"6,7";"583";"4,8";"1359";"11,1"
"Drenthe (PV)";"1997";"2315";"2159";"32,1";"2140";"31,1";"757";"6,9";"767";"7,0";"561";"4,6";"1397";"11,4"
"Drenthe (PV)";"1998";"2382";"2258";"33,1";"2244";"32,3";"682";"6,1";"708";"6,5";"600";"4,9";"1387";"11,2"
"Drenthe (PV)";"1999";"2290";"2236";"32,5";"2172";"31,0";"784";"7,1";"832";"7,6";"577";"4,7";"1442";"11,6"
"Drenthe (PV)";"2000";"2232";"2173";"31,2";"2116";"29,7";"846";"7,6";"861";"7,8";"621";"5,0";"1459";"11,7"
"Drenthe (PV)";"2001";"2062";"2040";"28,6";"2035";"28,0";"929";"8,4";"931";"8,5";"592";"4,8";"1364";"10,9"
"Drenthe (PV)";"2002";"2116";"2084";"28,7";"2026";"27,3";"714";"6,4";"723";"6,6";"628";"5,1";"1493";"11,9"
"Drenthe (PV)";"2003";"2012";"1967";"26,7";"1931";"25,6";"743";"6,7";"759";"7,0";"611";"4,9";"1379";"11,0"
"Drenthe (PV)";"2004";"1860";"1796";"24,0";"1766";"23,0";"722";"6,6";"733";"6,8";"657";"5,3";"1301";"10,4"
"Drenthe (PV)";"2005";"1891";"1874";"24,6";"1859";"23,8";"797";"7,4";"836";"7,8";"564";"4,6";"1343";"10,7"
"Drenthe (PV)";"2006";"1803";"1774";"22,7";"1765";"22,1";"757";"7,0";"777";"7,3";"545";"4,4";"1299";"10,4"
"Drenthe (PV)";"2007";"1881";"1862";"23,4";"1827";"22,5";"854";"8,0";"896";"8,4";"598";"4,8";"1327";"10,6"
"Drenthe (PV)";"2008";"1925";"1936";"24,0";"1930";"23,5";"778";"7,3";"838";"7,9";"624";"5,1";"1387";"11,1"
"Drenthe (PV)";"2009";"1865";"1855";"22,7";"1835";"22,1";"882";"8,3";"919";"8,7";"652";"5,3";"1304";"10,5"
"Drenthe (PV)";"2010";"1800";"1787";"21,5";"1739";"20,8";"919";"8,7";"965";"9,2";"627";"5,2";"1396";"11,3"
"Drenthe (PV)";"2011";"1814";"1713";"20,3";"1715";"20,3";"931";"8,9";"958";"9,3";"731";"6,1";"1291";"10,5"
"Drenthe (PV)";"2012";"1709";"1668";"19,5";"1680";"19,8";"978";"9,5";"1020";"10,0";"620";"5,2";"1376";"11,3"
"Drenthe (PV)";"2013";"1521";"1485";"17,2";"1467";"17,1";"980";"9,6";"989";"9,8";"654";"5,5";"1402";"11,6"
"Drenthe (PV)";"2014";"1568";"1496";"17,0";"1524";"17,6";"1018";"10,1";"1036";"10,4";"683";"5,8";"1260";"10,4"
"Drenthe (PV)";"2015";"1504";"1432";"16,0";"1431";"16,3";"973";"9,7";"1012";"10,2";"667";"5,6";"1367";"11,4"
"Drenthe (PV)";"2016";"1462";"1399";"15,4";"1404";"15,8";"972";"9,8";"1013";"10,3";"713";"6,0";"1363";"11,4"
"Drenthe (PV)";"2017";"1549";"1484";"16,1";"1468";"16,3";"970";"9,8";"983";"10,0";"715";"6,1";"1446";"12,1"
"Drenthe (PV)";"2018";"1459";"1410";"15,2";"1379";"15,1";"843";"8,6";"870";"9,0";"747";"6,4";"1423";"12,0"
"Drenthe (PV)";"2019";"1500";"1396";"14,8";"1388";"15,0";"871";"9,0";"902";"9,4";"759";"6,5";"1324";"11,1"
"Drenthe (PV)";"2020";"1146";"1067";"11,1";"1084";"11,6";"815";"8,4";"867";"9,1";"748";"6,4";"1481";"12,5"
"Overijssel (PV)";"1988";"5808";"5629";"37,2";"5688";"35,2";"1369";"5,7";"1416";"5,9";"1206";"5,1";"2876";"12,0"
"Overijssel (PV)";"1989";"6049";"5957";"38,6";"5929";"36,0";"1309";"5,4";"1370";"5,7";"1206";"5,1";"2914";"12,1"
"Overijssel (PV)";"1990";"6357";"6170";"39,9";"6177";"37,7";"1314";"5,4";"1351";"5,6";"1114";"4,6";"3004";"12,5"
"Overijssel (PV)";"1991";"6123";"6007";"38,5";"5994";"36,4";"1249";"5,1";"1311";"5,4";"1229";"5,1";"2989";"12,3"
"Overijssel (PV)";"1992";"6285";"6154";"39,0";"6179";"37,2";"1402";"5,7";"1418";"5,8";"1213";"5,0";"2824";"11,6"
"Overijssel (PV)";"1993";"5846";"5766";"35,9";"5732";"34,1";"1454";"5,9";"1508";"6,1";"1246";"5,1";"3145";"12,9"
"Overijssel (PV)";"1994";"5610";"5473";"33,6";"5505";"32,5";"1516";"6,1";"1574";"6,4";"1243";"5,1";"2933";"12,0"
"Overijssel (PV)";"1995";"5228";"5291";"31,8";"5245";"30,5";"1511";"6,1";"1582";"6,4";"1196";"5,0";"2960";"12,1"
"Overijssel (PV)";"1996";"5436";"5571";"33,1";"5543";"31,9";"1577";"6,3";"1654";"6,7";"1241";"5,2";"2990";"12,3"
"Overijssel (PV)";"1997";"5505";"5646";"33,2";"5608";"32,0";"1604";"6,4";"1624";"6,5";"1222";"5,1";"2961";"12,2"
"Overijssel (PV)";"1998";"5464";"5717";"33,3";"5676";"32,1";"1482";"5,9";"1565";"6,3";"1209";"5,0";"2922";"12,0"
"Overijssel (PV)";"1999";"5772";"5947";"34,2";"5925";"33,2";"1626";"6,4";"1661";"6,6";"1212";"5,0";"3000";"12,3"
"Overijssel (PV)";"2000";"5479";"5821";"33,0";"5711";"31,6";"1812";"7,1";"1852";"7,3";"1305";"5,4";"2996";"12,2"
"Overijssel (PV)";"2001";"5210";"5484";"30,5";"5378";"29,3";"1899";"7,5";"1982";"7,8";"1281";"5,3";"2897";"11,8"
"Overijssel (PV)";"2002";"5467";"5759";"31,4";"5691";"30,4";"1720";"6,8";"1787";"7,1";"1293";"5,4";"2978";"12,2"
"Overijssel (PV)";"2003";"5238";"5453";"29,2";"5402";"28,5";"1637";"6,4";"1691";"6,7";"1296";"5,4";"2887";"11,8"
"Overijssel (PV)";"2004";"4686";"4783";"25,3";"4773";"24,9";"1545";"6,1";"1610";"6,4";"1267";"5,3";"2819";"11,6"
"Overijssel (PV)";"2005";"4768";"4969";"25,8";"4918";"25,2";"1603";"6,3";"1634";"6,5";"1272";"5,3";"2783";"11,5"
"Overijssel (PV)";"2006";"4798";"5026";"25,7";"4934";"24,9";"1597";"6,3";"1682";"6,7";"1225";"5,2";"2748";"11,4"
"Overijssel (PV)";"2007";"4729";"4896";"24,6";"4814";"24,0";"1711";"6,8";"1770";"7,0";"1203";"5,1";"2590";"10,8"
"Overijssel (PV)";"2008";"4806";"4951";"24,5";"4951";"24,3";"1743";"6,9";"1822";"7,2";"1229";"5,2";"2629";"10,9"
"Overijssel (PV)";"2009";"4618";"4806";"23,3";"4768";"23,0";"1731";"6,9";"1805";"7,2";"1245";"5,3";"2694";"11,2"
"Overijssel (PV)";"2010";"4706";"4952";"23,6";"4841";"23,0";"1918";"7,6";"2000";"8,0";"1256";"5,3";"2643";"11,0"
"Overijssel (PV)";"2011";"4404";"4558";"21,5";"4517";"21,3";"1853";"7,4";"1926";"7,7";"1304";"5,5";"2568";"10,7"
"Overijssel (PV)";"2012";"4305";"4455";"20,7";"4448";"20,7";"1888";"7,5";"1946";"7,8";"1322";"5,6";"2661";"11,1"
"Overijssel (PV)";"2013";"3936";"4114";"18,8";"4048";"18,7";"2090";"8,4";"2147";"8,6";"1325";"5,6";"2759";"11,6"
"Overijssel (PV)";"2014";"4157";"4279";"19,3";"4251";"19,4";"2127";"8,6";"2208";"9,0";"1354";"5,8";"2626";"11,1"
"Overijssel (PV)";"2015";"3870";"3976";"17,7";"3937";"17,8";"1952";"7,9";"2037";"8,3";"1418";"6,1";"2713";"11,5"
"Overijssel (PV)";"2016";"3902";"4107";"18,0";"4058";"18,1";"1987";"8,1";"2049";"8,4";"1419";"6,1";"2738";"11,6"
"Overijssel (PV)";"2017";"3747";"3875";"16,8";"3834";"17,0";"1936";"7,9";"2033";"8,4";"1385";"6,0";"2863";"12,2"
"Overijssel (PV)";"2018";"3599";"3747";"16,0";"3726";"16,3";"1809";"7,5";"1880";"7,8";"1441";"6,3";"2751";"11,7"
"Overijssel (PV)";"2019";"3459";"3723";"15,7";"3638";"15,7";"1779";"7,4";"1809";"7,5";"1440";"6,2";"2873";"12,3"
"Overijssel (PV)";"2020";"2851";"2999";"12,4";"2967";"12,5";"1755";"7,3";"1787";"7,5";"1523";"6,6";"3161";"13,5"
"Flevoland (PV)";"1988";"1081";"1362";"52,0";"1349";"46,1";"494";"9,3";"488";"9,1";"139";"4,2";"367";"10,7"
"Flevoland (PV)";"1989";"1083";"1396";"50,1";"1367";"43,8";"520";"9,4";"527";"9,5";"177";"5,0";"433";"12,0"
"Flevoland (PV)";"1990";"1157";"1517";"52,7";"1528";"47,3";"580";"10,0";"587";"10,1";"173";"4,7";"431";"11,4"
"Flevoland (PV)";"1991";"1138";"1524";"49,5";"1522";"44,3";"567";"9,4";"595";"9,8";"180";"4,6";"443";"11,2"
"Flevoland (PV)";"1992";"1164";"1684";"52,0";"1658";"45,6";"630";"10,0";"658";"10,3";"195";"4,7";"488";"11,6"
"Flevoland (PV)";"1993";"1158";"1674";"49,2";"1659";"43,3";"690";"10,5";"704";"10,6";"189";"4,4";"513";"11,7"
"Flevoland (PV)";"1994";"1051";"1552";"43,7";"1523";"38,0";"749";"11,0";"777";"11,3";"220";"4,9";"530";"11,7"
"Flevoland (PV)";"1995";"1006";"1540";"41,0";"1462";"34,3";"733";"10,5";"774";"11,0";"220";"4,7";"543";"11,6"
"Flevoland (PV)";"1996";"1069";"1666";"41,7";"1645";"36,1";"753";"10,5";"802";"11,1";"230";"4,8";"538";"11,2"
"Flevoland (PV)";"1997";"1053";"1675";"39,7";"1653";"34,1";"731";"9,9";"756";"10,1";"263";"5,3";"562";"11,5"
"Flevoland (PV)";"1998";"1123";"1906";"42,4";"1860";"35,7";"765";"10,0";"823";"10,6";"251";"5,0";"557";"11,1"
"Flevoland (PV)";"1999";"1289";"2044";"43,0";"1960";"35,6";"809";"10,1";"813";"10,1";"273";"5,2";"566";"11,0"
"Flevoland (PV)";"2000";"1192";"2019";"40,3";"2005";"34,6";"893";"10,9";"905";"10,9";"284";"5,3";"574";"10,9"
"Flevoland (PV)";"2001";"1237";"1990";"37,2";"1916";"31,0";"945";"11,1";"1000";"11,7";"281";"5,1";"540";"10,1"
"Flevoland (PV)";"2002";"1241";"2064";"36,5";"1978";"30,2";"931";"10,8";"937";"10,8";"298";"5,3";"639";"11,7"
"Flevoland (PV)";"2003";"1277";"2045";"34,7";"2008";"29,3";"897";"10,2";"936";"10,6";"290";"5,1";"669";"12,1"
"Flevoland (PV)";"2004";"1182";"1802";"29,5";"1792";"25,2";"853";"9,6";"913";"10,2";"271";"4,7";"590";"10,6"
"Flevoland (PV)";"2005";"1264";"1832";"29,2";"1833";"24,9";"854";"9,5";"910";"10,1";"272";"4,7";"604";"10,8"
"Flevoland (PV)";"2006";"1243";"1856";"28,8";"1823";"24,2";"837";"9,3";"867";"9,6";"294";"5,1";"681";"12,1"
"Flevoland (PV)";"2007";"1283";"1814";"27,4";"1768";"22,9";"823";"9,1";"844";"9,3";"295";"5,1";"608";"10,8"
"Flevoland (PV)";"2008";"1448";"1996";"29,1";"1972";"25,0";"899";"9,9";"930";"10,2";"325";"5,5";"558";"9,8"
"Flevoland (PV)";"2009";"1473";"1923";"27,1";"1887";"23,4";"917";"10,1";"935";"10,3";"299";"5,0";"640";"11,2"
"Flevoland (PV)";"2010";"1410";"1952";"26,8";"1859";"22,6";"871";"9,6";"911";"10,0";"326";"5,5";"644";"11,2"
"Flevoland (PV)";"2011";"1384";"1859";"24,9";"1799";"21,4";"914";"10,1";"945";"10,4";"325";"5,4";"672";"11,7"
"Flevoland (PV)";"2012";"1414";"1862";"24,3";"1813";"21,1";"904";"9,9";"945";"10,3";"321";"5,4";"624";"10,9"
"Flevoland (PV)";"2013";"1242";"1678";"21,4";"1614";"18,5";"948";"10,4";"976";"10,7";"314";"5,2";"670";"11,6"
"Flevoland (PV)";"2014";"1259";"1639";"20,5";"1641";"18,6";"996";"11,1";"1013";"11,2";"308";"5,2";"651";"11,3"
"Flevoland (PV)";"2015";"1273";"1646";"20,1";"1595";"17,8";"893";"10,0";"895";"9,9";"321";"5,4";"634";"11,0"
"Flevoland (PV)";"2016";"1279";"1673";"20,0";"1642";"18,1";"894";"10,0";"908";"10,1";"329";"5,5";"686";"11,8"
"Flevoland (PV)";"2017";"1198";"1599";"18,7";"1568";"16,9";"904";"10,1";"959";"10,6";"316";"5,2";"641";"10,9"
"Flevoland (PV)";"2018";"1324";"1749";"19,9";"1677";"17,7";"814";"9,1";"865";"9,6";"396";"6,5";"672";"11,4"
"Flevoland (PV)";"2019";"1308";"1718";"19,1";"1634";"16,9";"774";"8,6";"796";"8,7";"379";"6,2";"682";"11,5"
"Flevoland (PV)";"2020";"1165";"1377";"14,9";"1389";"14,1";"773";"8,5";"809";"8,8";"402";"6,5";"801";"13,4"
"Gelderland (PV)";"1988";"10454";"10159";"36,2";"10133";"31,9";"2584";"6,1";"2635";"6,2";"1900";"4,5";"5138";"12,3"
"Gelderland (PV)";"1989";"10611";"10345";"36,3";"10292";"32,0";"2807";"6,6";"2832";"6,7";"2083";"4,9";"5145";"12,2"
"Gelderland (PV)";"1990";"11308";"10965";"38,6";"11012";"34,3";"2601";"6,0";"2602";"6,1";"1983";"4,7";"5149";"12,2"
"Gelderland (PV)";"1991";"11196";"10663";"37,3";"10758";"33,4";"2715";"6,3";"2757";"6,4";"2002";"4,7";"5043";"11,8"
"Gelderland (PV)";"1992";"11176";"10763";"37,5";"10796";"33,4";"2848";"6,5";"2948";"6,8";"2035";"4,7";"5200";"12,1"
"Gelderland (PV)";"1993";"10807";"10301";"35,5";"10373";"31,9";"2869";"6,6";"2947";"6,8";"2093";"4,9";"5483";"12,7"
"Gelderland (PV)";"1994";"10234";"9730";"33,1";"9769";"29,8";"3356";"7,7";"3508";"8,0";"2098";"4,9";"5192";"12,0"
"Gelderland (PV)";"1995";"9740";"9484";"31,6";"9373";"28,2";"2982";"6,8";"3045";"7,0";"2050";"4,7";"5172";"11,9"
"Gelderland (PV)";"1996";"10103";"9730";"32,1";"9686";"28,9";"3108";"7,0";"3227";"7,4";"2097";"4,9";"5328";"12,3"
"Gelderland (PV)";"1997";"10147";"9828";"32,1";"9800";"29,1";"3187";"7,2";"3282";"7,5";"2149";"5,0";"5109";"11,8"
"Gelderland (PV)";"1998";"10379";"10044";"32,5";"9999";"29,5";"3122";"7,0";"3180";"7,2";"2185";"5,1";"5058";"11,6"
"Gelderland (PV)";"1999";"10814";"10504";"33,8";"10382";"30,5";"3398";"7,6";"3560";"8,0";"2189";"5,1";"5107";"11,7"
"Gelderland (PV)";"2000";"10461";"10031";"31,9";"9906";"28,9";"3501";"7,8";"3638";"8,2";"2149";"5,0";"5182";"11,9"
"Gelderland (PV)";"2001";"9441";"9225";"28,9";"9102";"26,2";"3770";"8,4";"3881";"8,7";"2238";"5,1";"5069";"11,6"
"Gelderland (PV)";"2002";"10035";"9683";"29,8";"9594";"27,2";"3627";"8,1";"3699";"8,3";"2308";"5,3";"5060";"11,6"
"Gelderland (PV)";"2003";"9300";"8972";"27,2";"8854";"24,8";"3279";"7,3";"3403";"7,7";"2239";"5,2";"5188";"11,9"
"Gelderland (PV)";"2004";"8575";"7911";"23,7";"8013";"22,2";"3330";"7,5";"3457";"7,8";"2188";"5,1";"4975";"11,4"
"Gelderland (PV)";"2005";"8420";"7972";"23,6";"7900";"21,6";"3290";"7,4";"3371";"7,7";"2214";"5,1";"5011";"11,5"
"Gelderland (PV)";"2006";"8446";"8071";"23,5";"8039";"21,7";"3381";"7,7";"3524";"8,1";"2155";"5,0";"4656";"10,7"
"Gelderland (PV)";"2007";"8487";"8100";"23,3";"8068";"21,5";"3406";"7,8";"3541";"8,1";"2083";"4,9";"4798";"11,1"
"Gelderland (PV)";"2008";"8920";"8384";"23,8";"8367";"22,1";"3507";"8,0";"3660";"8,4";"2192";"5,1";"4622";"10,7"
"Gelderland (PV)";"2009";"8468";"8157";"22,9";"8138";"21,2";"3307";"7,6";"3428";"7,9";"2167";"5,1";"4746";"11,0"
"Gelderland (PV)";"2010";"8241";"8010";"22,2";"7887";"20,4";"3572";"8,2";"3658";"8,5";"2322";"5,4";"4698";"10,8"
"Gelderland (PV)";"2011";"7965";"7821";"21,4";"7730";"19,8";"3568";"8,2";"3681";"8,6";"2276";"5,3";"4557";"10,5"
"Gelderland (PV)";"2012";"8080";"7931";"21,4";"7798";"19,7";"3720";"8,6";"3801";"8,9";"2333";"5,4";"4808";"11,1"
"Gelderland (PV)";"2013";"7249";"6961";"18,5";"6962";"17,4";"3753";"8,8";"3790";"8,9";"2262";"5,3";"4875";"11,3"
"Gelderland (PV)";"2014";"7432";"7182";"18,8";"7164";"17,7";"3900";"9,2";"3996";"9,4";"2302";"5,4";"4722";"11,0"
"Gelderland (PV)";"2015";"7533";"7250";"18,6";"7134";"17,4";"3743";"8,8";"3855";"9,1";"2483";"5,9";"4799";"11,2"
"Gelderland (PV)";"2016";"7490";"7179";"18,1";"7116";"17,1";"3691";"8,7";"3747";"8,9";"2367";"5,6";"4818";"11,2"
"Gelderland (PV)";"2017";"7353";"7065";"17,5";"7027";"16,7";"3699";"8,7";"3783";"9,0";"2519";"5,9";"4964";"11,6"
"Gelderland (PV)";"2018";"7245";"6974";"17,0";"6858";"16,1";"3497";"8,3";"3574";"8,5";"2576";"6,1";"5064";"11,8"
"Gelderland (PV)";"2019";"7136";"6925";"16,6";"6719";"15,5";"3346";"7,9";"3522";"8,4";"2716";"6,4";"5076";"11,8"
"Gelderland (PV)";"2020";"5777";"5610";"13,1";"5457";"12,3";"3355";"7,9";"3487";"8,3";"2799";"6,6";"5641";"13,1"
"Utrecht (PV)";"1988";"6207";"6207";"35,5";"6243";"29,1";"1829";"8,3";"1871";"8,5";"1024";"4,8";"2485";"11,6"
"Utrecht (PV)";"1989";"6750";"6664";"36,5";"6757";"30,2";"1915";"8,4";"1958";"8,6";"988";"4,5";"2695";"12,2"
"Utrecht (PV)";"1990";"7086";"7020";"38,4";"7042";"31,1";"1945";"8,4";"1999";"8,6";"1028";"4,6";"2616";"11,8"
"Utrecht (PV)";"1991";"6976";"6782";"36,7";"6928";"30,2";"1605";"6,9";"1649";"7,1";"1068";"4,8";"2677";"12,0"
"Utrecht (PV)";"1992";"6983";"6902";"37,1";"6968";"30,1";"2266";"9,6";"2310";"9,8";"1071";"4,8";"2560";"11,4"
"Utrecht (PV)";"1993";"6604";"6468";"34,3";"6610";"28,2";"1934";"8,2";"1947";"8,2";"1015";"4,5";"2696";"12,0"
"Utrecht (PV)";"1994";"6232";"6168";"32,3";"6181";"26,0";"2479";"10,4";"2510";"10,5";"1034";"4,6";"2630";"11,6"
"Utrecht (PV)";"1995";"5760";"5978";"30,9";"5901";"24,5";"2189";"9,2";"2257";"9,5";"1086";"4,8";"2676";"11,8"
"Utrecht (PV)";"1996";"6052";"6224";"31,6";"6168";"25,3";"2290";"9,6";"2431";"10,2";"1106";"4,9";"2742";"12,1"
"Utrecht (PV)";"1997";"6269";"6403";"31,9";"6314";"25,6";"2112";"8,8";"2174";"9,0";"1051";"4,6";"2526";"11,1"
"Utrecht (PV)";"1998";"6318";"6520";"32,0";"6449";"25,9";"2131";"8,8";"2230";"9,2";"1095";"4,8";"2718";"12,0"
"Utrecht (PV)";"1999";"6467";"6761";"32,6";"6676";"26,5";"2132";"8,8";"2144";"8,8";"1108";"4,9";"2711";"11,9"
"Utrecht (PV)";"2000";"6267";"6641";"31,6";"6551";"25,8";"2213";"9,0";"2259";"9,2";"1147";"5,0";"2634";"11,6"
"Utrecht (PV)";"2001";"5654";"6076";"28,4";"6008";"23,4";"2439";"9,9";"2501";"10,2";"1120";"4,9";"2639";"11,6"
"Utrecht (PV)";"2002";"5891";"6423";"29,1";"6332";"24,1";"2328";"9,3";"2293";"9,2";"1108";"4,8";"2566";"11,2"
"Utrecht (PV)";"2003";"5673";"6123";"27,3";"6062";"22,7";"2050";"8,2";"2102";"8,4";"1127";"4,9";"2500";"10,9"
"Utrecht (PV)";"2004";"5127";"5403";"23,8";"5421";"20,1";"2161";"8,6";"2166";"8,6";"1160";"5,1";"2533";"11,1"
"Utrecht (PV)";"2005";"5059";"5384";"23,4";"5366";"19,6";"2184";"8,7";"2246";"8,9";"1047";"4,6";"2355";"10,3"
"Utrecht (PV)";"2006";"5236";"5798";"24,7";"5678";"20,4";"2257";"8,9";"2285";"9,0";"1165";"5,1";"2390";"10,5"
"Utrecht (PV)";"2007";"5353";"5805";"24,2";"5751";"20,3";"2184";"8,6";"2239";"8,8";"1022";"4,5";"2310";"10,2"
"Utrecht (PV)";"2008";"5575";"6099";"24,9";"5980";"20,7";"2231";"8,8";"2303";"9,0";"1129";"4,9";"2339";"10,3"
"Utrecht (PV)";"2009";"5469";"5832";"23,5";"5802";"19,8";"2065";"8,1";"2151";"8,4";"1128";"4,9";"2371";"10,5"
"Utrecht (PV)";"2010";"5281";"5834";"23,1";"5739";"19,4";"2076";"8,1";"2182";"8,5";"1186";"5,2";"2420";"10,7"
"Utrecht (PV)";"2011";"5038";"5550";"21,7";"5494";"18,4";"2148";"8,4";"2230";"8,7";"1178";"5,1";"2411";"10,7"
"Utrecht (PV)";"2012";"5038";"5493";"21,2";"5363";"17,8";"2215";"8,6";"2262";"8,8";"1104";"4,8";"2444";"10,8"
"Utrecht (PV)";"2013";"4719";"5064";"19,2";"5007";"16,4";"2192";"8,5";"2239";"8,7";"1197";"5,2";"2476";"11,0"
"Utrecht (PV)";"2014";"4853";"5177";"19,2";"5164";"16,6";"2289";"8,9";"2361";"9,2";"1207";"5,3";"2402";"10,7"
"Utrecht (PV)";"2015";"4907";"5147";"18,7";"5125";"16,3";"2315";"9,0";"2393";"9,3";"1158";"5,1";"2521";"11,3"
"Utrecht (PV)";"2016";"5151";"5357";"19,1";"5350";"16,8";"2302";"9,0";"2415";"9,3";"1344";"5,9";"2511";"11,3"
"Utrecht (PV)";"2017";"4948";"5213";"18,2";"5115";"15,8";"2238";"8,7";"2315";"8,9";"1270";"5,6";"2505";"11,3"
"Utrecht (PV)";"2018";"4892";"5142";"17,5";"5050";"15,3";"2011";"7,8";"2093";"8,0";"1329";"5,9";"2613";"11,8"
"Utrecht (PV)";"2019";"4967";"5341";"17,5";"5250";"15,4";"2028";"7,5";"2088";"7,7";"1315";"5,7";"2587";"11,3"
"Utrecht (PV)";"2020";"4080";"4289";"13,9";"4155";"12,0";"2043";"7,6";"2163";"8,0";"1431";"6,2";"2876";"12,5"
"Noord-Holland (PV)";"1988";"14290";"15386";"30,9";"15173";"27,6";"5118";"10,3";"5199";"10,5";"2552";"4,6";"6566";"12,0"
"Noord-Holland (PV)";"1989";"14554";"15689";"31,1";"15485";"27,8";"5194";"10,5";"5232";"10,6";"2481";"4,5";"6615";"12,1"
"Noord-Holland (PV)";"1990";"15848";"17336";"34,3";"17075";"30,4";"5255";"10,5";"5334";"10,7";"2557";"4,6";"6536";"11,9"
"Noord-Holland (PV)";"1991";"15703";"16766";"32,6";"16444";"28,9";"5652";"11,3";"5673";"11,3";"2573";"4,6";"6244";"11,4"
"Noord-Holland (PV)";"1992";"15565";"16746";"32,2";"16459";"28,5";"5670";"11,2";"5775";"11,4";"2497";"4,5";"6429";"11,8"
"Noord-Holland (PV)";"1993";"14499";"15424";"29,4";"15281";"26,1";"6215";"12,3";"6265";"12,4";"2646";"4,8";"6668";"12,3"
"Noord-Holland (PV)";"1994";"13696";"14220";"26,9";"14167";"24,0";"6956";"13,8";"7098";"14,0";"2627";"4,8";"6410";"11,8"
"Noord-Holland (PV)";"1995";"11687";"12953";"24,5";"12599";"21,2";"6326";"12,6";"6520";"13,0";"2554";"4,7";"6369";"11,8"
"Noord-Holland (PV)";"1996";"12323";"13800";"25,8";"13345";"22,2";"6647";"13,4";"6831";"13,7";"2606";"4,8";"6301";"11,7"
"Noord-Holland (PV)";"1997";"12433";"13831";"25,7";"13457";"22,2";"6055";"12,3";"6334";"12,8";"2511";"4,6";"6097";"11,4"
"Noord-Holland (PV)";"1998";"12744";"14184";"26,1";"13759";"22,5";"5876";"11,9";"5875";"11,9";"2563";"4,7";"6075";"11,4"
"Noord-Holland (PV)";"1999";"12848";"14339";"26,1";"13965";"22,6";"5647";"11,4";"5820";"11,7";"2753";"5,1";"6089";"11,5"
"Noord-Holland (PV)";"2000";"12664";"14147";"25,5";"13712";"22,0";"5702";"11,5";"5811";"11,7";"2648";"4,9";"5987";"11,3"
"Noord-Holland (PV)";"2001";"11717";"13513";"24,0";"12599";"20,1";"5858";"11,8";"5943";"11,9";"2662";"5,0";"5930";"11,3"
"Noord-Holland (PV)";"2002";"12303";"14110";"24,8";"13380";"21,1";"5147";"10,3";"5280";"10,5";"2633";"4,9";"5832";"11,1"
"Noord-Holland (PV)";"2003";"11533";"12980";"22,6";"12345";"19,4";"4980";"9,9";"5058";"10,1";"2645";"4,9";"5836";"11,1"
"Noord-Holland (PV)";"2004";"10763";"12024";"20,8";"11521";"17,9";"5010";"10,0";"5126";"10,2";"2639";"5,0";"5674";"10,9"
"Noord-Holland (PV)";"2005";"10399";"11623";"19,9";"11270";"17,3";"4991";"10,0";"5149";"10,3";"2619";"5,0";"5570";"10,8"
"Noord-Holland (PV)";"2006";"10515";"11664";"19,8";"11194";"17,0";"4804";"9,6";"4928";"9,9";"2468";"4,7";"5437";"10,6"
"Noord-Holland (PV)";"2007";"11024";"12103";"20,3";"11700";"17,6";"5116";"10,3";"5172";"10,4";"2484";"4,8";"5634";"11,1"
"Noord-Holland (PV)";"2008";"11134";"12323";"20,3";"11912";"17,6";"4930";"10,0";"5130";"10,3";"2578";"5,0";"5453";"10,8"
"Noord-Holland (PV)";"2009";"10959";"12254";"19,9";"11822";"17,2";"4646";"9,4";"4794";"9,6";"2536";"4,9";"5458";"10,9"
"Noord-Holland (PV)";"2010";"10818";"12571";"20,1";"11872";"17,0";"5083";"10,2";"5199";"10,4";"2501";"4,9";"5515";"11,0"
"Noord-Holland (PV)";"2011";"10213";"11689";"18,4";"11219";"15,9";"5002";"10,0";"5123";"10,2";"2596";"5,1";"5239";"10,5"
"Noord-Holland (PV)";"2012";"9969";"11402";"17,7";"10983";"15,3";"4968";"9,9";"5053";"10,1";"2692";"5,3";"5403";"10,9"
"Noord-Holland (PV)";"2013";"9145";"10679";"16,3";"10082";"13,8";"5009";"10,0";"5158";"10,3";"2658";"5,2";"5513";"11,2"
"Noord-Holland (PV)";"2014";"9171";"10757";"16,1";"10182";"13,7";"5337";"10,6";"5520";"11,0";"2630";"5,2";"5264";"10,8"
"Noord-Holland (PV)";"2015";"9233";"10918";"16,0";"10318";"13,6";"5232";"10,4";"5345";"10,7";"2759";"5,5";"5757";"11,9"
"Noord-Holland (PV)";"2016";"9682";"11166";"16,0";"10566";"13,6";"5043";"10,0";"5188";"10,3";"2768";"5,6";"5597";"11,6"
"Noord-Holland (PV)";"2017";"9514";"10936";"15,3";"10331";"13,1";"4958";"9,8";"5095";"10,1";"2744";"5,5";"5503";"11,4"
"Noord-Holland (PV)";"2018";"9546";"11024";"15,2";"10449";"13,0";"4549";"9,0";"4760";"9,4";"2836";"5,7";"5595";"11,7"
"Noord-Holland (PV)";"2019";"9237";"10841";"14,6";"10112";"12,5";"4477";"8,8";"4629";"9,0";"2728";"5,5";"5572";"11,6"
"Noord-Holland (PV)";"2020";"7735";"8504";"11,4";"8227";"10,1";"4299";"8,4";"4461";"8,7";"2903";"5,9";"6267";"13,1"
"Zuid-Holland (PV)";"1988";"19396";"20791";"36,9";"20543";"33,4";"6823";"9,3";"6913";"9,4";"3445";"4,4";"9058";"11,7"
"Zuid-Holland (PV)";"1989";"19626";"20997";"37,0";"20799";"33,5";"6653";"9,1";"6713";"9,2";"3487";"4,5";"9297";"12,0"
"Zuid-Holland (PV)";"1990";"21057";"22664";"39,9";"22439";"36,0";"6818";"9,2";"6927";"9,4";"3476";"4,4";"9086";"11,7"
"Zuid-Holland (PV)";"1991";"21044";"22634";"39,3";"22470";"35,7";"6779";"9,1";"6847";"9,2";"3478";"4,4";"9031";"11,6"
"Zuid-Holland (PV)";"1992";"20453";"21889";"37,7";"21741";"34,3";"7267";"9,7";"7397";"9,9";"3591";"4,6";"8877";"11,4"
"Zuid-Holland (PV)";"1993";"19312";"20827";"35,5";"20642";"32,3";"7021";"9,3";"7189";"9,6";"3715";"4,7";"9408";"12,1"
"Zuid-Holland (PV)";"1994";"17531";"18565";"31,3";"18377";"28,5";"8649";"11,5";"8827";"11,7";"3692";"4,7";"8997";"11,6"
"Zuid-Holland (PV)";"1995";"15424";"17373";"29,0";"16861";"25,8";"8000";"10,7";"8195";"10,9";"3537";"4,5";"8943";"11,7"
"Zuid-Holland (PV)";"1996";"15772";"18046";"29,7";"17565";"26,5";"7623";"10,3";"7759";"10,4";"3675";"4,7";"9040";"11,9"
"Zuid-Holland (PV)";"1997";"16259";"18218";"29,7";"17919";"26,6";"7703";"10,4";"7872";"10,6";"3630";"4,7";"8858";"11,7"
"Zuid-Holland (PV)";"1998";"16228";"18173";"29,4";"17838";"26,2";"7166";"9,7";"7322";"9,9";"3697";"4,8";"8686";"11,5"
"Zuid-Holland (PV)";"1999";"16349";"18626";"29,8";"18203";"26,4";"7193";"9,8";"7377";"10,0";"3699";"4,9";"8680";"11,6"
"Zuid-Holland (PV)";"2000";"16023";"18468";"29,1";"17929";"25,6";"7352";"10,0";"7439";"10,0";"3891";"5,1";"8710";"11,7"
"Zuid-Holland (PV)";"2001";"14713";"16843";"26,0";"16301";"22,8";"8090";"11,0";"8171";"11,1";"3724";"4,9";"8682";"11,7"
"Zuid-Holland (PV)";"2002";"15194";"17481";"26,6";"16990";"23,5";"7151";"9,9";"7276";"10,0";"3678";"4,9";"8421";"11,5"
"Zuid-Holland (PV)";"2003";"14678";"16903";"25,4";"16379";"22,3";"6610";"9,1";"6774";"9,3";"3801";"5,1";"8466";"11,6"
"Zuid-Holland (PV)";"2004";"13840";"15190";"22,5";"15048";"20,2";"6504";"9,0";"6660";"9,1";"3654";"5,0";"8022";"11,1"
"Zuid-Holland (PV)";"2005";"13533";"15275";"22,4";"14853";"19,7";"6637";"9,2";"6858";"9,5";"3693";"5,1";"8013";"11,2"
"Zuid-Holland (PV)";"2006";"13697";"15679";"22,8";"15267";"20,0";"6707";"9,3";"6958";"9,6";"3544";"4,9";"7821";"11,1"
"Zuid-Holland (PV)";"2007";"14012";"15788";"22,6";"15494";"20,1";"6519";"9,1";"6747";"9,4";"3568";"5,0";"7779";"11,1"
"Zuid-Holland (PV)";"2008";"14669";"16513";"23,3";"16138";"20,6";"6689";"9,4";"6934";"9,7";"3579";"5,1";"7629";"11,0"
"Zuid-Holland (PV)";"2009";"14274";"16211";"22,4";"15814";"19,8";"6436";"9,0";"6597";"9,2";"3548";"5,0";"7524";"11,0"
"Zuid-Holland (PV)";"2010";"14473";"17098";"23,2";"16341";"20,2";"6648";"9,3";"6748";"9,4";"3538";"5,1";"7756";"11,4"
"Zuid-Holland (PV)";"2011";"14189";"16453";"22,0";"15929";"19,4";"6720";"9,4";"6948";"9,6";"3525";"5,0";"7399";"10,9"
"Zuid-Holland (PV)";"2012";"13585";"15628";"20,6";"15186";"18,3";"6787";"9,4";"7033";"9,7";"3548";"5,1";"7600";"11,2"
"Zuid-Holland (PV)";"2013";"12602";"14836";"19,4";"14276";"17,0";"6844";"9,5";"7176";"9,9";"3596";"5,2";"7427";"11,0"
"Zuid-Holland (PV)";"2014";"12734";"14770";"19,0";"14195";"16,6";"7322";"10,2";"7661";"10,6";"3565";"5,2";"7350";"11,0"
"Zuid-Holland (PV)";"2015";"12456";"14325";"18,0";"13703";"15,8";"7221";"10,1";"7530";"10,4";"3637";"5,3";"7566";"11,4"
"Zuid-Holland (PV)";"2016";"12617";"14458";"17,9";"13925";"15,8";"6893";"9,6";"7244";"10,0";"3744";"5,5";"7772";"11,7"
"Zuid-Holland (PV)";"2017";"12855";"14511";"17,6";"14056";"15,7";"6475";"9,0";"6792";"9,4";"3848";"5,7";"7703";"11,7"
"Zuid-Holland (PV)";"2018";"12289";"14275";"17,0";"13670";"15,0";"6193";"8,6";"6433";"8,9";"3846";"5,7";"7990";"12,1"
"Zuid-Holland (PV)";"2019";"12166";"14276";"16,8";"13628";"14,8";"6135";"8,6";"6480";"9,0";"3890";"5,8";"7789";"12,0"
"Zuid-Holland (PV)";"2020";"9822";"11111";"12,8";"10789";"11,5";"5893";"8,3";"6167";"8,6";"4129";"6,2";"8833";"13,7"
"Zeeland (PV)";"1988";"2091";"2023";"44,4";"1976";"41,7";"586";"6,8";"583";"6,8";"474";"4,5";"1046";"10,1"
"Zeeland (PV)";"1989";"2159";"2008";"43,3";"2039";"42,4";"572";"6,7";"605";"7,0";"474";"4,5";"1165";"11,2"
"Zeeland (PV)";"1990";"2207";"2126";"45,6";"2113";"44,0";"599";"7,0";"609";"7,1";"425";"4,0";"1067";"10,3"
"Zeeland (PV)";"1991";"2290";"2179";"46,2";"2173";"44,8";"585";"6,8";"596";"6,9";"443";"4,2";"1076";"10,3"
"Zeeland (PV)";"1992";"2193";"2116";"44,6";"2110";"43,3";"629";"7,3";"643";"7,4";"446";"4,2";"1134";"10,8"
"Zeeland (PV)";"1993";"1997";"1901";"39,3";"1910";"38,7";"633";"7,3";"645";"7,4";"488";"4,6";"1102";"10,4"
"Zeeland (PV)";"1994";"2057";"1979";"40,4";"1950";"39,0";"791";"9,1";"812";"9,3";"470";"4,4";"1057";"10,0"
"Zeeland (PV)";"1995";"1827";"1829";"36,8";"1771";"35,0";"583";"6,7";"626";"7,1";"448";"4,2";"1103";"10,5"
"Zeeland (PV)";"1996";"1910";"1872";"37,1";"1845";"35,9";"794";"9,1";"792";"9,0";"475";"4,5";"1143";"10,9"
"Zeeland (PV)";"1997";"1877";"1790";"35,0";"1806";"34,7";"620";"7,1";"638";"7,3";"443";"4,2";"1070";"10,2"
"Zeeland (PV)";"1998";"1894";"1823";"35,2";"1807";"34,6";"663";"7,6";"696";"7,9";"483";"4,6";"1103";"10,5"
"Zeeland (PV)";"1999";"1946";"1885";"36,2";"1848";"35,2";"762";"8,8";"815";"9,3";"460";"4,4";"1126";"10,8"
"Zeeland (PV)";"2000";"1798";"1769";"33,3";"1722";"32,3";"751";"8,6";"787";"9,1";"459";"4,3";"1113";"10,6"
"Zeeland (PV)";"2001";"1671";"1670";"30,6";"1618";"29,6";"900";"10,4";"922";"10,7";"478";"4,5";"1144";"10,9"
"Zeeland (PV)";"2002";"1846";"1789";"32,1";"1762";"31,5";"773";"9,0";"768";"8,9";"499";"4,7";"1160";"11,2"
"Zeeland (PV)";"2003";"1776";"1757";"30,9";"1696";"29,9";"703";"8,2";"706";"8,2";"463";"4,4";"1058";"10,2"
"Zeeland (PV)";"2004";"1688";"1632";"28,2";"1596";"27,7";"703";"8,2";"719";"8,4";"440";"4,2";"1086";"10,6"
"Zeeland (PV)";"2005";"1623";"1553";"26,3";"1514";"25,8";"745";"8,8";"763";"9,0";"474";"4,6";"1125";"11,1"
"Zeeland (PV)";"2006";"1638";"1591";"26,4";"1518";"25,3";"759";"9,0";"782";"9,3";"450";"4,4";"1063";"10,6"
"Zeeland (PV)";"2007";"1694";"1681";"27,4";"1632";"26,8";"701";"8,4";"694";"8,2";"450";"4,4";"1026";"10,3"
"Zeeland (PV)";"2008";"1808";"1752";"28,2";"1718";"28,0";"752";"9,0";"757";"9,0";"469";"4,7";"1050";"10,6"
"Zeeland (PV)";"2009";"1752";"1701";"27,0";"1659";"26,9";"701";"8,4";"699";"8,4";"462";"4,6";"1000";"10,1"
"Zeeland (PV)";"2010";"1758";"1755";"27,6";"1721";"27,8";"729";"8,7";"736";"8,8";"518";"5,2";"1064";"10,8"
"Zeeland (PV)";"2011";"1649";"1561";"24,3";"1531";"24,5";"719";"8,6";"732";"8,8";"480";"4,8";"1043";"10,6"
"Zeeland (PV)";"2012";"1669";"1607";"24,9";"1589";"25,3";"771";"9,3";"790";"9,5";"471";"4,7";"1068";"10,9"
"Zeeland (PV)";"2013";"1418";"1388";"21,3";"1353";"21,3";"754";"9,1";"765";"9,2";"469";"4,8";"1096";"11,3"
"Zeeland (PV)";"2014";"1515";"1463";"22,1";"1432";"22,2";"823";"10,0";"826";"10,1";"435";"4,5";"997";"10,3"
"Zeeland (PV)";"2015";"1478";"1458";"21,7";"1411";"21,6";"771";"9,5";"818";"10,0";"490";"5,1";"1072";"11,2"
"Zeeland (PV)";"2016";"1551";"1501";"22,1";"1465";"22,2";"801";"9,9";"805";"9,9";"495";"5,2";"1025";"10,8"
"Zeeland (PV)";"2017";"1372";"1352";"19,6";"1330";"19,9";"709";"8,8";"716";"8,8";"504";"5,3";"1030";"10,9"
"Zeeland (PV)";"2018";"1439";"1398";"20,0";"1372";"20,2";"734";"9,1";"811";"10,0";"536";"5,6";"1139";"12,0"
"Zeeland (PV)";"2019";"1285";"1308";"18,5";"1252";"18,2";"695";"8,7";"714";"8,9";"560";"5,9";"1097";"11,6"
"Zeeland (PV)";"2020";"1116";"1094";"15,2";"1059";"15,1";"619";"7,7";"624";"7,8";"554";"5,8";"1147";"12,1"
"Noord-Brabant (PV)";"1988";"12770";"12793";"37,8";"12837";"36,3";"3667";"6,6";"3767";"6,9";"2162";"4,9";"5313";"11,7"
"Noord-Brabant (PV)";"1989";"13332";"13258";"38,3";"13292";"36,8";"3732";"6,7";"3804";"6,9";"2269";"5,1";"5378";"11,7"
"Noord-Brabant (PV)";"1990";"13856";"13691";"39,4";"13782";"38,1";"3745";"6,7";"3858";"7,0";"2257";"5,0";"5378";"11,6"
"Noord-Brabant (PV)";"1991";"13841";"13723";"39,0";"13747";"37,7";"3759";"6,7";"3846";"6,9";"2352";"5,1";"5621";"11,9"
"Noord-Brabant (PV)";"1992";"13613";"13437";"37,8";"13480";"36,6";"4066";"7,2";"4120";"7,4";"2299";"4,9";"5508";"11,5"
"Noord-Brabant (PV)";"1993";"12554";"12508";"34,6";"12527";"33,6";"3838";"6,8";"3891";"7,0";"2445";"5,2";"5745";"11,9"
"Noord-Brabant (PV)";"1994";"11994";"11780";"32,1";"11741";"31,1";"4387";"7,8";"4520";"8,1";"2397";"5,0";"5729";"11,7"
"Noord-Brabant (PV)";"1995";"11310";"11666";"31,2";"11518";"29,9";"4452";"7,9";"4567";"8,2";"2420";"5,1";"5898";"12,0"
"Noord-Brabant (PV)";"1996";"11735";"12120";"31,8";"11927";"30,4";"4521";"8,0";"4694";"8,4";"2414";"5,0";"5944";"12,1"
"Noord-Brabant (PV)";"1997";"11643";"12033";"31,1";"11910";"29,9";"4305";"7,7";"4495";"8,1";"2413";"5,0";"5798";"11,7"
"Noord-Brabant (PV)";"1998";"11918";"12254";"31,2";"12094";"30,0";"4322";"7,7";"4451";"8,0";"2464";"5,0";"5765";"11,5"
"Noord-Brabant (PV)";"1999";"12170";"12479";"31,4";"12358";"30,2";"4622";"8,2";"4718";"8,5";"2613";"5,3";"5916";"11,7"
"Noord-Brabant (PV)";"2000";"11951";"12377";"30,7";"12170";"29,3";"4947";"8,8";"5089";"9,1";"2620";"5,3";"5873";"11,5"
"Noord-Brabant (PV)";"2001";"11189";"11814";"28,8";"11501";"27,2";"5200";"9,3";"5338";"9,6";"2664";"5,3";"5767";"11,2"
"Noord-Brabant (PV)";"2002";"11293";"11946";"28,6";"11645";"27,1";"4500";"8,0";"4595";"8,3";"2724";"5,4";"5917";"11,4"
"Noord-Brabant (PV)";"2003";"10617";"11070";"26,2";"10894";"25,1";"4317";"7,8";"4479";"8,1";"2732";"5,4";"5865";"11,3"
"Noord-Brabant (PV)";"2004";"9715";"9948";"23,3";"9861";"22,4";"4320";"7,8";"4494";"8,2";"2690";"5,3";"5696";"10,9"
"Noord-Brabant (PV)";"2005";"9605";"9980";"22,9";"9816";"21,9";"4566";"8,3";"4750";"8,7";"2655";"5,2";"5699";"10,9"
"Noord-Brabant (PV)";"2006";"9491";"9935";"22,4";"9713";"21,3";"4511";"8,3";"4623";"8,6";"2678";"5,3";"5708";"10,9"
"Noord-Brabant (PV)";"2007";"9588";"9966";"22,1";"9796";"21,1";"4563";"8,5";"4724";"8,9";"2695";"5,3";"5579";"10,6"
"Noord-Brabant (PV)";"2008";"10058";"10509";"22,9";"10349";"21,9";"4437";"8,3";"4563";"8,6";"2698";"5,3";"5568";"10,6"
"Noord-Brabant (PV)";"2009";"9448";"9925";"21,2";"9725";"20,3";"4319";"8,1";"4465";"8,5";"2680";"5,2";"5646";"10,7"
"Noord-Brabant (PV)";"2010";"9605";"10173";"21,4";"9895";"20,3";"4456";"8,4";"4637";"8,8";"2747";"5,3";"5734";"10,8"
"Noord-Brabant (PV)";"2011";"9039";"9652";"19,9";"9425";"19,0";"4538";"8,6";"4672";"9,0";"2808";"5,4";"5636";"10,6"
"Noord-Brabant (PV)";"2012";"9096";"9670";"19,6";"9444";"18,8";"4682";"9,0";"4932";"9,5";"2890";"5,6";"5804";"10,9"
"Noord-Brabant (PV)";"2013";"7994";"8600";"17,1";"8435";"16,4";"4576";"8,8";"4728";"9,2";"2890";"5,6";"5692";"10,7"
"Noord-Brabant (PV)";"2014";"8175";"8876";"17,3";"8652";"16,5";"4932";"9,6";"5102";"10,0";"2964";"5,7";"5777";"10,9"
"Noord-Brabant (PV)";"2015";"8266";"8819";"16,8";"8660";"16,3";"4812";"9,4";"4957";"9,8";"3136";"6,1";"5815";"11,0"
"Noord-Brabant (PV)";"2016";"8400";"9085";"17,0";"8849";"16,4";"4560";"8,9";"4717";"9,4";"3091";"6,0";"6105";"11,5"
"Noord-Brabant (PV)";"2017";"8402";"8935";"16,4";"8727";"15,9";"4672";"9,2";"4782";"9,5";"3140";"6,0";"6122";"11,5"
"Noord-Brabant (PV)";"2018";"8294";"8933";"16,0";"8635";"15,4";"4370";"8,6";"4550";"9,1";"3321";"6,4";"6077";"11,4"
"Noord-Brabant (PV)";"2019";"7980";"8635";"15,2";"8392";"14,7";"4118";"8,2";"4259";"8,5";"3268";"6,3";"6179";"11,6"
"Noord-Brabant (PV)";"2020";"6351";"6686";"11,5";"6518";"11,2";"4029";"8,0";"4175";"8,4";"3591";"6,9";"7293";"13,7"
"Limburg (PV)";"1988";"6846";"6488";"38,0";"6502";"37,3";"2109";"7,5";"2129";"7,6";"1131";"4,8";"3065";"12,6"
"Limburg (PV)";"1989";"6917";"6551";"37,9";"6627";"37,5";"2107";"7,5";"2152";"7,7";"1185";"4,9";"3055";"12,5"
"Limburg (PV)";"1990";"7084";"6589";"37,9";"6705";"38,0";"2183";"7,7";"2241";"8,0";"1236";"5,1";"3161";"12,8"
"Limburg (PV)";"1991";"7059";"6558";"37,3";"6600";"37,2";"2133";"7,6";"2133";"7,6";"1226";"5,0";"3132";"12,5"
"Limburg (PV)";"1992";"6778";"6278";"35,7";"6293";"35,5";"2098";"7,4";"2125";"7,6";"1224";"4,9";"3087";"12,2"
"Limburg (PV)";"1993";"6462";"5984";"33,8";"5985";"33,6";"2140";"7,6";"2207";"7,9";"1227";"4,9";"3301";"12,9"
"Limburg (PV)";"1994";"6116";"5641";"31,6";"5698";"31,8";"2655";"9,5";"2721";"9,8";"1255";"5,0";"3115";"12,1"
"Limburg (PV)";"1995";"5742";"5557";"30,8";"5526";"30,7";"2185";"7,8";"2241";"8,1";"1298";"5,1";"3118";"12,0"
"Limburg (PV)";"1996";"5649";"5543";"30,5";"5522";"30,5";"2378";"8,6";"2460";"8,9";"1354";"5,3";"3225";"12,4"
"Limburg (PV)";"1997";"5502";"5367";"29,3";"5346";"29,3";"2314";"8,4";"2366";"8,7";"1332";"5,2";"3253";"12,4"
"Limburg (PV)";"1998";"5791";"5610";"30,5";"5603";"30,7";"2147";"7,9";"2180";"8,0";"1323";"5,2";"3351";"12,8"
"Limburg (PV)";"1999";"5796";"5668";"30,9";"5631";"30,8";"2434";"9,0";"2500";"9,3";"1366";"5,3";"3210";"12,2"
"Limburg (PV)";"2000";"5588";"5480";"29,7";"5398";"29,3";"2403";"8,9";"2441";"9,1";"1364";"5,2";"3249";"12,2"
"Limburg (PV)";"2001";"4860";"4852";"25,9";"4690";"25,2";"2592";"9,7";"2651";"10,1";"1378";"5,3";"3248";"12,1"
"Limburg (PV)";"2002";"5309";"5173";"27,4";"5061";"26,9";"2293";"8,7";"2368";"9,0";"1405";"5,4";"3209";"12,0"
"Limburg (PV)";"2003";"4703";"4644";"24,4";"4532";"23,8";"2283";"8,8";"2352";"9,1";"1476";"5,6";"3211";"12,0"
"Limburg (PV)";"2004";"4282";"4163";"21,6";"4151";"21,5";"2191";"8,6";"2304";"9,1";"1374";"5,2";"3139";"11,7"
"Limburg (PV)";"2005";"4352";"4265";"21,7";"4174";"21,2";"2302";"9,1";"2364";"9,5";"1398";"5,3";"3095";"11,5"
"Limburg (PV)";"2006";"4215";"4117";"20,7";"4052";"20,2";"2215";"9,0";"2331";"9,5";"1368";"5,2";"3043";"11,4"
"Limburg (PV)";"2007";"4292";"4141";"20,5";"4114";"20,2";"2238";"9,2";"2306";"9,6";"1354";"5,2";"3003";"11,2"
"Limburg (PV)";"2008";"4382";"4289";"21,0";"4241";"20,6";"2200";"9,1";"2277";"9,6";"1387";"5,3";"2932";"11,0"
"Limburg (PV)";"2009";"4170";"3981";"19,2";"4009";"19,1";"2024";"8,5";"2106";"8,9";"1378";"5,3";"3023";"11,3"
"Limburg (PV)";"2010";"4195";"4126";"19,5";"4051";"19,0";"2282";"9,7";"2375";"10,2";"1444";"5,5";"3008";"11,2"
"Limburg (PV)";"2011";"4089";"4044";"18,7";"3971";"18,3";"2162";"9,3";"2221";"9,7";"1414";"5,4";"2899";"10,8"
"Limburg (PV)";"2012";"3880";"3830";"17,4";"3834";"17,3";"2306";"10,1";"2375";"10,6";"1416";"5,4";"3001";"11,2"
"Limburg (PV)";"2013";"3373";"3372";"15,0";"3299";"14,6";"2216";"9,9";"2346";"10,6";"1527";"5,8";"2994";"11,2"
"Limburg (PV)";"2014";"3503";"3479";"15,2";"3427";"14,9";"2316";"10,5";"2364";"10,8";"1514";"5,8";"2940";"11,0"
"Limburg (PV)";"2015";"3511";"3449";"14,8";"3386";"14,5";"2107";"9,7";"2204";"10,3";"1552";"6,0";"3154";"11,9"
"Limburg (PV)";"2016";"3424";"3399";"14,3";"3304";"14,0";"2120";"9,9";"2171";"10,3";"1552";"6,0";"3094";"11,7"
"Limburg (PV)";"2017";"3518";"3507";"14,5";"3455";"14,4";"2033";"9,6";"2112";"10,1";"1589";"6,1";"3082";"11,6"
"Limburg (PV)";"2018";"3645";"3644";"14,9";"3617";"14,9";"1916";"9,2";"1958";"9,5";"1632";"6,3";"3166";"11,9"
"Limburg (PV)";"2019";"3407";"3425";"13,9";"3332";"13,6";"1857";"9,0";"1943";"9,6";"1577";"6,1";"3148";"11,9"
"Limburg (PV)";"2020";"2710";"2709";"10,8";"2676";"10,8";"1752";"8,6";"1808";"9,0";"1777";"6,9";"3613";"13,7"
